deviceId,seq,deviceTs,serverTs,delayMs,temperature,humidity,illuminance
esp8266_01,1,1790690339770,1790690339854,84,25.37,67.65,420.3
esp8266_01,2,1790690340899,1790690340901,2,22.02,53.73,402.6
esp8266_01,3,1790690341907,1790690341928,21,22.88,57.55,288.0
esp8266_01,4,1790690342932,1790690342955,23,24.11,67.18,295.6
esp8266_01,5,1790690343961,1790690343975,14,25.65,65.43,491.4
esp8266_01,6,1790690344979,1790690344982,3,22.94,63.93,461.5
esp8266_01,7,1790690345989,1790690346006,17,26.16,54.36,442.8
esp8266_01,8,1790690347009,1790690347031,22,24.32,52.51,291.9
esp8266_01,9,1790690348036,1790690348053,17,22.27,56.03,243.5
esp8266_01,10,1790690349057,1790690349082,25,27.94,55.16,493.5
esp8266_01,11,1790690350086,1790690350108,22,25.04,64.75,212.8
esp8266_01,12,1790690351111,1790690351132,21,24.69,54.97,492.2
esp8266_01,13,1790690352136,1790690352156,20,23.35,64.92,447.1
esp8266_01,14,1790690353159,1790690353161,2,25.76,64.54,205.7
esp8266_01,15,1790690354165,1790690354167,2,23.77,55.78,415.9
esp8266_01,16,1790690355170,1790690355196,26,23.12,53.68,426.3
esp8266_01,17,1790690356199,1790690356215,16,22.4,65.63,397.5
esp8266_01,18,1790690357219,1790690357245,26,24.17,62.41,210.5
esp8266_01,19,1790690358248,1790690358275,27,26.39,60.67,331.3
esp8266_01,20,1790690359280,1790690359298,18,22.03,53.26,493.0
esp8266_01,21,1790690360304,1790690360325,21,24.66,54.84,457.7
esp8266_01,22,1790690361329,1790690361349,20,22.82,66.31,317.3
esp8266_01,23,1790690362353,1790690362374,21,27.97,55.97,261.4
esp8266_01,24,1790690363381,1790690363397,16,23.77,54.26,308.0
esp8266_01,25,1790690364401,1790690364419,18,23.72,57.61,428.6
esp8266_01,26,1790690365423,1790690365443,20,24.61,56.96,421.3
esp8266_01,27,1790690366446,1790690366471,25,22.19,57.72,442.8
esp8266_01,28,1790690367474,1790690367495,21,24.28,53.66,296.8
esp8266_01,29,1790690368499,1790690368501,2,22.1,62.37,218.1
esp8266_01,30,1790690369505,1790690369528,23,22.6,57.63,245.2
esp8266_01,31,1790690370532,1790690370552,20,25.3,55.15,474.7
esp8266_01,32,1790690371556,1790690371574,18,22.85,52.61,359.1
esp8266_01,33,1790690372579,1790690372585,6,24.55,66.1,385.3
esp8266_01,34,1790690373589,1790690373613,24,25.6,63.17,265.2
esp8266_01,35,1790690374616,1790690374627,11,22.6,62.54,440.7
esp8266_01,36,1790690375630,1790690375651,21,25.93,66.9,423.9
esp8266_01,37,1790690376655,1790690376679,24,24.27,52.25,247.8
esp8266_01,38,1790690377684,1790690377704,20,23.14,56.1,497.2
esp8266_01,39,1790690378707,1790690378731,24,26.42,62.88,369.2
esp8266_01,40,1790690379734,1790690379756,22,24.65,67.78,227.6
esp8266_01,41,1790690380760,1790690380780,20,25.75,65.16,417.9
esp8266_01,42,1790690381783,1790690381806,23,26.14,63.59,256.6
esp8266_01,43,1790690382811,1790690382829,18,22.69,60.87,364.8
esp8266_01,44,1790690383833,1790690383855,22,22.74,64.21,228.1
esp8266_01,45,1790690384858,1790690384874,16,25.61,64.61,215.9
esp8266_01,46,1790690385877,1790690385890,13,22.31,52.55,317.5
esp8266_01,47,1790690386893,1790690386917,24,27.22,60.95,353.4
esp8266_01,48,1790690387920,1790690387946,26,25.05,60.19,499.5
esp8266_01,49,1790690388948,1790690388950,2,27.77,61.26,242.8
esp8266_01,50,1790690389957,1790690389972,15,22.3,59.46,235.6
esp8266_01,51,1790690390976,1790690390993,17,23.71,67.27,386.7
esp8266_01,52,1790690391996,1790690392022,26,23.9,58.81,484.3
esp8266_01,53,1790690393026,1790690393045,19,25.66,65.73,459.4
esp8266_01,54,1790690394049,1790690394074,25,25.39,56.31,346.7
esp8266_01,55,1790690395077,1790690395093,16,25.87,64.53,376.9
esp8266_01,56,1790690396097,1790690396119,22,22.64,56.14,447.7
esp8266_01,57,1790690397122,1790690397143,21,22.92,58.6,396.9
esp8266_01,58,1790690398146,1790690398167,21,26.25,52.45,496.3
esp8266_01,59,1790690399170,1790690399193,23,26.77,57.53,277.6
esp8266_01,60,1790690400197,1790690400217,20,23.19,64.29,497.3
esp8266_01,61,1790690401221,1790690401245,24,24.86,53.31,460.2
esp8266_01,62,1790690402250,1790690402267,17,27.06,64.77,271.5
esp8266_01,63,1790690403271,1790690403291,20,27.91,59.45,295.5
esp8266_01,64,1790690404294,1790690404314,20,25.26,58.7,252.8
esp8266_01,65,1790690405318,1790690405341,23,27.34,64.27,371.1
esp8266_01,66,1790690406348,1790690406374,26,23.79,58.52,447.0
esp8266_01,67,1790690407377,1790690407396,19,24.03,57.6,486.2
esp8266_01,68,1790690408400,1790690408421,21,23.67,67.6,330.1
esp8266_01,69,1790690409424,1790690409443,19,22.53,57.52,363.5
esp8266_01,70,1790690410445,1790690410471,26,26.93,55.43,419.9
esp8266_01,71,1790690411475,1790690411494,19,22.11,64.89,286.0
esp8266_01,72,1790690412498,1790690412517,19,25.76,61.65,357.7
esp8266_01,73,1790690413519,1790690413538,19,26.16,57.67,289.3
esp8266_01,74,1790690414541,1790690414556,15,26.75,63.13,313.7
esp8266_01,75,1790690415559,1790690415583,24,23.23,57.54,380.3
esp8266_01,76,1790690416586,1790690416609,23,25.78,64.07,448.4
esp8266_01,77,1790690417613,1790690417632,19,24.63,62.03,211.0
esp8266_01,78,1790690418635,1790690418652,17,22.38,67.46,439.9
esp8266_01,79,1790690419657,1790690419678,21,26.72,65.4,345.2
esp8266_01,80,1790690420680,1790690420691,11,23.55,62.33,330.9
esp8266_01,81,1790690421694,1790690421714,20,25.93,55.95,450.3
esp8266_01,82,1790690422718,1790690422744,26,27.81,52.69,354.2
esp8266_01,83,1790690423747,1790690423771,24,25.63,52.56,382.9
esp8266_01,84,1790690424774,1790690424798,24,23.37,55.72,268.8
esp8266_01,85,1790690425804,1790690425825,21,22.24,67.95,311.0
esp8266_01,86,1790690426827,1790690426848,21,23.38,59.42,235.6
esp8266_01,87,1790690427852,1790690427866,14,25.02,58.62,205.2
esp8266_01,88,1790690428870,1790690428892,22,24.99,63.6,266.7
esp8266_01,89,1790690429896,1790690429917,21,24.12,63.0,357.5
esp8266_01,90,1790690430919,1790690430944,25,22.0,52.99,453.7
esp8266_01,91,1790690431948,1790690431968,20,23.3,67.48,484.3
esp8266_01,92,1790690432971,1790690432984,13,23.47,55.01,456.0
esp8266_01,93,1790690433987,1790690434012,25,24.4,59.59,479.6
esp8266_01,94,1790690435016,1790690435034,18,27.4,62.68,395.6
esp8266_01,95,1790690436037,1790690436060,23,24.97,52.5,310.8
esp8266_01,96,1790690437063,1790690437084,21,27.19,58.53,449.8
esp8266_01,97,1790690438087,1790690438108,21,22.16,52.3,434.9
esp8266_01,98,1790690439110,1790690439113,3,27.9,54.39,433.8
esp8266_01,99,1790690440115,1790690440117,2,27.31,60.1,212.1
esp8266_01,100,1790690441120,1790690441135,15,23.22,61.33,413.5
